train/success_rate,test/episode,train/episode,stats_o/std,epoch,stats_g/mean,stats_o/mean,test/success_rate,stats_g/std,test/mean_Q
0.0022222222222222222,20.0,100.0,0.05312516,0,0.7414286,0.17582944,0.0,0.117932,-3.0620112
0.0022222222222222222,40.0,200.0,0.05388834,1,0.74323153,0.17617828,0.0,0.1182566,-5.0884724
0.0022222222222222222,60.0,300.0,0.054496393,2,0.7446056,0.17658275,0.011111111111111112,0.1203148,-7.1042566
0.006111111111111112,80.0,400.0,0.057094693,3,0.74573207,0.17687061,0.0,0.12762457,-9.083405
0.013888888888888888,100.0,500.0,0.060770076,4,0.7472849,0.17746933,0.022222222222222223,0.13726245,-10.391738
0.021666666666666667,120.0,600.0,0.06378558,5,0.7494034,0.17804748,0.036111111111111115,0.14518735,-11.313118
0.02388888888888889,140.0,700.0,0.06605833,6,0.7524003,0.1786948,0.030555555555555558,0.15065275,-12.515985
0.025555555555555554,160.0,800.0,0.0679346,7,0.755322,0.17921345,0.030555555555555558,0.15355934,-13.24556
0.04000000000000001,180.0,900.0,0.07010159,8,0.75948304,0.17999093,0.05555555555555555,0.15662211,-12.633913
0.05833333333333335,200.0,1000.0,0.072012216,9,0.7640382,0.18079488,0.09999999999999999,0.15896288,-12.921377
0.07666666666666667,220.0,1100.0,0.07344273,10,0.7681079,0.18149179,0.1638888888888889,0.16054314,-12.749698
0.09388888888888888,240.0,1200.0,0.07458416,11,0.7714278,0.1821149,0.16944444444444443,0.1616869,-13.215613
0.09777777777777778,260.0,1300.0,0.07615178,12,0.77448845,0.1826548,0.2638888888888889,0.16376325,-13.533097
0.10833333333333334,280.0,1400.0,0.07807256,13,0.77781606,0.18342665,0.21388888888888888,0.16590993,-13.705151
0.11500000000000002,300.0,1500.0,0.08013186,14,0.7813251,0.1842335,0.2222222222222222,0.1679159,-13.550709
0.12333333333333332,320.0,1600.0,0.08222136,15,0.78420556,0.18501098,0.3194444444444444,0.16995883,-12.332825
0.15333333333333332,340.0,1700.0,0.08408035,16,0.7863349,0.18556231,0.3138888888888889,0.17162244,-12.144982
0.16055555555555556,360.0,1800.0,0.08577524,17,0.78862405,0.18611656,0.35555555555555557,0.17286924,-12.072591
0.15388888888888888,380.0,1900.0,0.087185115,18,0.7905546,0.18661526,0.3027777777777778,0.17376685,-13.637214
0.16444444444444445,400.0,2000.0,0.08847417,19,0.792147,0.1870577,0.4305555555555556,0.17499942,-12.387436
0.17722222222222223,420.0,2100.0,0.08978762,20,0.7940009,0.18749106,0.4361111111111111,0.17584985,-11.6039915
0.1888888888888889,440.0,2200.0,0.09069273,21,0.79593426,0.18790933,0.5499999999999999,0.17640635,-10.819113
0.19333333333333336,460.0,2300.0,0.09153685,22,0.79763913,0.18826458,0.4444444444444444,0.17688881,-11.334947
0.20666666666666667,480.0,2400.0,0.092308246,23,0.79915303,0.18859023,0.5416666666666666,0.17720559,-10.605622
0.185,500.0,2500.0,0.09307288,24,0.8003882,0.18883151,0.4694444444444444,0.1774586,-10.339588
0.21555555555555556,520.0,2600.0,0.09376684,25,0.8014891,0.18904392,0.4277777777777778,0.17763275,-11.897339
0.17666666666666664,540.0,2700.0,0.0945346,26,0.802719,0.18926188,0.5111111111111111,0.17752902,-10.251957
0.18333333333333332,560.0,2800.0,0.09531239,27,0.80378556,0.18945278,0.4583333333333333,0.1777686,-11.693377
0.20500000000000002,580.0,2900.0,0.095857605,28,0.8047766,0.18965864,0.4833333333333333,0.1776528,-11.358416
0.1938888888888889,600.0,3000.0,0.096348695,29,0.80586743,0.18984836,0.49444444444444435,0.17766812,-11.180538
0.19,620.0,3100.0,0.09692686,30,0.80670464,0.18996933,0.5833333333333334,0.17790896,-9.673538
0.1922222222222222,640.0,3200.0,0.097377315,31,0.8075814,0.1901285,0.5055555555555555,0.17790037,-11.323185
0.20166666666666666,660.0,3300.0,0.097861566,32,0.8082976,0.19027978,0.5111111111111111,0.17808521,-10.523922
0.21111111111111114,680.0,3400.0,0.09830013,33,0.80904484,0.19043037,0.4749999999999999,0.1781041,-11.784285
0.19333333333333336,700.0,3500.0,0.09865557,34,0.8096616,0.19049904,0.5555555555555556,0.1780246,-9.513493
0.21000000000000002,720.0,3600.0,0.098985516,35,0.81034875,0.1906195,0.4833333333333334,0.17796606,-12.07576
0.20333333333333334,740.0,3700.0,0.099258184,36,0.8109563,0.19071524,0.5111111111111111,0.1778323,-11.390186
0.18333333333333332,760.0,3800.0,0.09948269,37,0.81157064,0.19082546,0.661111111111111,0.17765915,-9.409605
0.20166666666666666,780.0,3900.0,0.09964934,38,0.81219316,0.1909065,0.6055555555555556,0.17752446,-9.519869
0.19166666666666668,800.0,4000.0,0.099901855,39,0.8127506,0.19099514,0.5722222222222223,0.17763132,-10.28785
0.18888888888888888,820.0,4100.0,0.10001466,40,0.8132715,0.19109337,0.5805555555555555,0.17766574,-10.065001
0.18555555555555556,840.0,4200.0,0.100131646,41,0.8136192,0.19117104,0.7055555555555555,0.1775985,-9.115148
0.1838888888888889,860.0,4300.0,0.10029672,42,0.81415164,0.19126904,0.5944444444444446,0.17755291,-10.188061
0.18833333333333335,880.0,4400.0,0.10040014,43,0.81466603,0.19136558,0.6333333333333333,0.17754409,-10.04277
0.19055555555555556,900.0,4500.0,0.10047898,44,0.81503415,0.19143564,0.6749999999999999,0.1773604,-9.141859
0.18666666666666665,920.0,4600.0,0.10052349,45,0.81552917,0.19151197,0.6749999999999999,0.17718577,-9.537283
0.2,940.0,4700.0,0.10061281,46,0.8159373,0.19156416,0.6527777777777778,0.17723769,-10.179888
0.19055555555555556,960.0,4800.0,0.10071416,47,0.8163259,0.19163759,0.6944444444444444,0.17709202,-9.715338
0.18055555555555555,980.0,4900.0,0.100767225,48,0.81668806,0.19169834,0.5777777777777778,0.17703298,-13.23374
0.18055555555555555,1000.0,5000.0,0.10082238,49,0.8170146,0.19174078,0.6861111111111112,0.1769525,-10.2689705
0.18333333333333332,1020.0,5100.0,0.100821085,50,0.8173489,0.1917837,0.7000000000000001,0.17686401,-9.927824
0.17388888888888887,1040.0,5200.0,0.100832164,51,0.81773883,0.19184065,0.6722222222222223,0.17684916,-10.22047
0.17388888888888887,1060.0,5300.0,0.100937225,52,0.8180173,0.19190127,0.7361111111111112,0.17689484,-9.658322
0.1811111111111111,1080.0,5400.0,0.10104394,53,0.8183091,0.19194582,0.6111111111111112,0.1767711,-11.223794
0.18388888888888888,1100.0,5500.0,0.10113709,54,0.8186505,0.19199882,0.7027777777777777,0.17683591,-9.350453
0.17666666666666667,1120.0,5600.0,0.10128226,55,0.8189733,0.19205192,0.7027777777777778,0.1767821,-9.933819
0.18444444444444447,1140.0,5700.0,0.10150215,56,0.8192399,0.19211204,0.6722222222222223,0.17675537,-9.415681
0.1988888888888889,1160.0,5800.0,0.101644695,57,0.819493,0.19216068,0.6305555555555556,0.17667256,-10.504818
0.18166666666666667,1180.0,5900.0,0.10183546,58,0.8197167,0.19221537,0.7138888888888889,0.17670009,-9.556349
0.18333333333333332,1200.0,6000.0,0.10198345,59,0.8199752,0.19224125,0.7138888888888888,0.17667116,-9.898034
0.18555555555555556,1220.0,6100.0,0.10214677,60,0.82014847,0.19226605,0.7611111111111112,0.17673647,-9.262168
0.19611111111111107,1240.0,6200.0,0.10224281,61,0.82025695,0.19227603,0.7055555555555555,0.17671639,-10.114988
0.1938888888888889,1260.0,6300.0,0.10236964,62,0.8204257,0.19229892,0.6666666666666666,0.17672688,-10.809621
0.18444444444444447,1280.0,6400.0,0.102509364,63,0.8206166,0.19232532,0.6777777777777777,0.17675315,-10.758377
0.19833333333333336,1300.0,6500.0,0.102681786,64,0.82077646,0.19235647,0.7388888888888889,0.17681254,-9.640331
0.19944444444444442,1320.0,6600.0,0.10288089,65,0.8209945,0.19238098,0.7027777777777778,0.17690465,-9.725087
0.19944444444444442,1340.0,6700.0,0.10301444,66,0.8211542,0.1924001,0.7722222222222223,0.17687505,-8.801602
0.18166666666666667,1360.0,6800.0,0.10321992,67,0.8212364,0.19242075,0.7333333333333334,0.17705782,-9.720492
0.19777777777777775,1380.0,6900.0,0.10330099,68,0.8213504,0.19243495,0.6833333333333332,0.17706268,-10.453365
0.18388888888888888,1400.0,7000.0,0.103422716,69,0.8214829,0.19245201,0.725,0.17707679,-10.576363
0.19722222222222224,1420.0,7100.0,0.10354505,70,0.8215194,0.19245937,0.7027777777777778,0.17719752,-10.659722
0.18944444444444444,1440.0,7200.0,0.103682615,71,0.8215987,0.19247225,0.6666666666666666,0.17734003,-10.734142
0.1822222222222222,1460.0,7300.0,0.10373816,72,0.8216275,0.1924837,0.7472222222222222,0.17743966,-10.034102
0.17055555555555557,1480.0,7400.0,0.10384127,73,0.8216512,0.1924933,0.7138888888888889,0.17755407,-10.528027
0.20055555555555551,1500.0,7500.0,0.10400681,74,0.8215978,0.19249882,0.7333333333333334,0.17770584,-10.742844
0.1938888888888889,1520.0,7600.0,0.10411661,75,0.82168186,0.19251317,0.7055555555555555,0.17786294,-10.890111
0.18888888888888888,1540.0,7700.0,0.104219675,76,0.82173276,0.19252531,0.8055555555555556,0.1780077,-10.237525
0.20333333333333334,1560.0,7800.0,0.10434112,77,0.8217509,0.19252717,0.7666666666666666,0.17816591,-10.543973
0.19333333333333336,1580.0,7900.0,0.10445342,78,0.8217726,0.19252512,0.6972222222222223,0.1783871,-11.412608
0.19333333333333333,1600.0,8000.0,0.10457906,79,0.82180357,0.1925463,0.7444444444444446,0.17857371,-11.092591
0.19111111111111112,1620.0,8100.0,0.10465329,80,0.8217881,0.19255093,0.7666666666666667,0.17876059,-10.839225
0.18000000000000002,1640.0,8200.0,0.104711816,81,0.821819,0.19257028,0.7583333333333333,0.1788561,-11.32087
0.18333333333333332,1660.0,8300.0,0.10485603,82,0.8217891,0.19256909,0.6944444444444444,0.17909469,-12.0742235
0.1861111111111111,1680.0,8400.0,0.1050144,83,0.82174563,0.19257191,0.7583333333333333,0.1793204,-11.0534
0.18388888888888888,1700.0,8500.0,0.10515453,84,0.8217461,0.19257681,0.7277777777777777,0.17949557,-12.045214
0.1927777777777778,1720.0,8600.0,0.10520217,85,0.8218362,0.19260377,0.7444444444444444,0.17953312,-12.104288
0.19111111111111112,1740.0,8700.0,0.10529134,86,0.82189345,0.1926153,0.7444444444444445,0.17965004,-12.054066
0.19833333333333336,1760.0,8800.0,0.10539159,87,0.8219085,0.19262178,0.7472222222222222,0.17982186,-12.274588
0.1811111111111111,1780.0,8900.0,0.10553579,88,0.82195497,0.19264086,0.6638888888888889,0.17996806,-13.343442
0.18944444444444444,1800.0,9000.0,0.10560241,89,0.82196236,0.1926473,0.7666666666666667,0.1800834,-11.587145
0.20055555555555557,1820.0,9100.0,0.10568851,90,0.8219591,0.19265556,0.6944444444444444,0.18020058,-12.504418
0.18444444444444447,1840.0,9200.0,0.10584862,91,0.8219457,0.19265488,0.7361111111111112,0.18030745,-11.399563
0.18555555555555558,1860.0,9300.0,0.1059493,92,0.8220024,0.19266576,0.7611111111111111,0.18040675,-12.008371
0.16666666666666666,1880.0,9400.0,0.10607784,93,0.8220246,0.1926896,0.7555555555555556,0.18049127,-10.976858
0.18611111111111112,1900.0,9500.0,0.10619369,94,0.8220973,0.1927051,0.7555555555555556,0.18056706,-11.211216
0.19166666666666668,1920.0,9600.0,0.106300555,95,0.82216954,0.19272578,0.7749999999999999,0.18058884,-10.558365
0.18055555555555555,1940.0,9700.0,0.10639449,96,0.8222487,0.19274652,0.8027777777777778,0.18059008,-10.448588
0.19,1960.0,9800.0,0.106474675,97,0.8222952,0.19276336,0.6666666666666666,0.18062602,-12.454646
0.20055555555555557,1980.0,9900.0,0.10654667,98,0.8223438,0.19276878,0.7416666666666667,0.18061185,-11.044178
0.19277777777777777,2000.0,10000.0,0.106637925,99,0.8223912,0.19278295,0.7055555555555555,0.18061607,-11.712862
0.2022222222222222,2020.0,10100.0,0.106689356,100,0.82244563,0.19280541,0.7333333333333333,0.18058139,-11.48412
0.19777777777777777,2040.0,10200.0,0.10671816,101,0.8225682,0.19284207,0.7361111111111112,0.18055165,-11.017368
0.18166666666666667,2060.0,10300.0,0.10673648,102,0.82264185,0.19285662,0.7805555555555554,0.18052098,-10.372599
0.19055555555555553,2080.0,10400.0,0.10677842,103,0.8227389,0.19287041,0.7861111111111111,0.1805098,-10.274282
0.19166666666666668,2100.0,10500.0,0.106784016,104,0.8228335,0.19288656,0.8,0.180495,-10.632462
0.20555555555555557,2120.0,10600.0,0.10676937,105,0.8228887,0.19289833,0.6888888888888889,0.18045613,-12.9127655
0.1938888888888889,2140.0,10700.0,0.10675469,106,0.82298714,0.19292647,0.7111111111111111,0.18037418,-11.482509
0.18833333333333335,2160.0,10800.0,0.10675807,107,0.82306015,0.19294041,0.8166666666666667,0.18031083,-10.580831
0.17555555555555558,2180.0,10900.0,0.10675457,108,0.8231835,0.19295971,0.7583333333333333,0.18027186,-11.326108
0.21055555555555555,2200.0,11000.0,0.106710896,109,0.8232603,0.19296901,0.7194444444444444,0.18014145,-11.842263
0.2038888888888889,2220.0,11100.0,0.10670004,110,0.8233299,0.19298321,0.7722222222222221,0.18006968,-11.417803
0.18944444444444442,2240.0,11200.0,0.106672615,111,0.8234132,0.19299139,0.797222222222222,0.17999919,-11.236232
0.18833333333333335,2260.0,11300.0,0.106664166,112,0.82345676,0.19300252,0.7222222222222222,0.17994769,-11.808157
0.19555555555555554,2280.0,11400.0,0.10666117,113,0.82352513,0.19301012,0.7027777777777777,0.1798954,-12.631068
0.18833333333333335,2300.0,11500.0,0.106688544,114,0.82353926,0.19300967,0.7888888888888889,0.17988104,-10.466069
0.17833333333333334,2320.0,11600.0,0.10670997,115,0.8235698,0.1930085,0.8222222222222223,0.17984496,-10.589283
0.185,2340.0,11700.0,0.10666475,116,0.8236362,0.19301713,0.7583333333333333,0.17970596,-11.363883
0.19833333333333333,2360.0,11800.0,0.10663541,117,0.8236915,0.19301955,0.7444444444444445,0.17963547,-12.227712
0.1827777777777778,2380.0,11900.0,0.10663156,118,0.82374144,0.19301432,0.7888888888888889,0.17959309,-11.294022
0.19166666666666668,2400.0,12000.0,0.10662256,119,0.8237861,0.19301283,0.8166666666666667,0.17953914,-10.466788
0.18166666666666667,2420.0,12100.0,0.10659115,120,0.82385015,0.19300874,0.8166666666666667,0.17943794,-10.390191
0.20666666666666667,2440.0,12200.0,0.1065588,121,0.82390606,0.1930085,0.7555555555555556,0.17934084,-12.060094
0.1888888888888889,2460.0,12300.0,0.10653987,122,0.8239553,0.19300154,0.7749999999999999,0.17924428,-11.364309
0.18055555555555555,2480.0,12400.0,0.10653226,123,0.8239995,0.19299415,0.7666666666666667,0.17920955,-11.70096
0.18222222222222223,2500.0,12500.0,0.106524915,124,0.8240509,0.19299419,0.7611111111111111,0.17913345,-11.416173
0.17500000000000002,2520.0,12600.0,0.10651706,125,0.8240915,0.19299114,0.7722222222222223,0.17907718,-11.376126
0.17833333333333334,2540.0,12700.0,0.106538564,126,0.8240812,0.19297297,0.775,0.17906922,-11.880642
0.17444444444444446,2560.0,12800.0,0.10656381,127,0.82405734,0.19295427,0.7388888888888889,0.17902094,-11.202152
0.1688888888888889,2580.0,12900.0,0.106600374,128,0.82402205,0.19294408,0.7972222222222223,0.17907232,-9.791585
0.17388888888888887,2600.0,13000.0,0.10667842,129,0.82401115,0.19293004,0.8027777777777777,0.17909352,-10.183095
0.17777777777777778,2620.0,13100.0,0.106757164,130,0.8240094,0.19292323,0.7472222222222222,0.17913137,-11.199897
0.17833333333333334,2640.0,13200.0,0.10682839,131,0.82401955,0.19291803,0.6722222222222223,0.17918035,-11.422105
0.18166666666666667,2660.0,13300.0,0.10692415,132,0.82403183,0.19292457,0.6416666666666667,0.1792708,-10.547803
0.17444444444444443,2680.0,13400.0,0.10702671,133,0.82402205,0.1929282,0.5861111111111111,0.17935777,-11.324879
0.1938888888888889,2700.0,13500.0,0.107106484,134,0.82404643,0.19294365,0.43333333333333335,0.17936651,-12.277091
0.18333333333333332,2720.0,13600.0,0.107228376,135,0.82403415,0.19294535,0.6111111111111112,0.17944574,-10.591706
0.19111111111111112,2740.0,13700.0,0.10735222,136,0.8240416,0.19294241,0.7027777777777778,0.17950834,-10.4729595
0.17777777777777778,2760.0,13800.0,0.107441604,137,0.8240753,0.19294482,0.6305555555555556,0.17953327,-10.462869
0.17666666666666664,2780.0,13900.0,0.107520856,138,0.82403713,0.19293815,0.6916666666666668,0.17957364,-10.840969
0.18333333333333332,2800.0,14000.0,0.10759896,139,0.8240596,0.19295461,0.7749999999999999,0.1796121,-9.755206
0.17777777777777778,2820.0,14100.0,0.10770199,140,0.82406163,0.19295627,0.6611111111111111,0.1796596,-10.288548
0.19444444444444445,2840.0,14200.0,0.10777399,141,0.8240793,0.19295754,0.7305555555555556,0.17967139,-9.779493
0.18055555555555555,2860.0,14300.0,0.10787448,142,0.8241002,0.19296363,0.7694444444444445,0.1797641,-9.252668
0.2033333333333333,2880.0,14400.0,0.107941955,143,0.8240783,0.19296066,0.7944444444444445,0.17979217,-8.577541
0.18222222222222223,2900.0,14500.0,0.10801101,144,0.82414573,0.19297764,0.6305555555555556,0.17978072,-9.686153
0.1938888888888889,2920.0,14600.0,0.10807171,145,0.8241847,0.19298601,0.6361111111111112,0.17979206,-9.907837
0.19444444444444445,2940.0,14700.0,0.10811716,146,0.82421374,0.19298847,0.6222222222222222,0.17979963,-10.35667
0.20333333333333334,2960.0,14800.0,0.10815543,147,0.82426834,0.19300206,0.6666666666666666,0.17978996,-9.469997
0.1955555555555556,2980.0,14900.0,0.108193204,148,0.8242944,0.19300477,0.7027777777777778,0.17978255,-9.019094
0.185,3000.0,15000.0,0.108218394,149,0.8243258,0.1930042,0.6138888888888888,0.17979124,-9.889278
0.19666666666666666,3020.0,15100.0,0.10826674,150,0.8243222,0.19300188,0.7777777777777778,0.17983457,-8.383207
0.20055555555555557,3040.0,15200.0,0.108309716,151,0.8243127,0.19300225,0.7472222222222222,0.17989193,-8.153919
0.19111111111111112,3060.0,15300.0,0.108368486,152,0.8242944,0.19299828,0.7972222222222222,0.17994632,-8.559254
0.18333333333333332,3080.0,15400.0,0.10846619,153,0.8242829,0.19299746,0.7416666666666667,0.17999847,-8.302071
0.2038888888888889,3100.0,15500.0,0.10855869,154,0.82424784,0.19298312,0.7472222222222222,0.1800436,-8.728558
0.20555555555555557,3120.0,15600.0,0.10867071,155,0.8242618,0.1929881,0.661111111111111,0.18009776,-8.902895
0.2038888888888889,3140.0,15700.0,0.10877068,156,0.8242817,0.19298975,0.5944444444444444,0.18017761,-9.618229
0.18722222222222223,3160.0,15800.0,0.108864754,157,0.8243034,0.19298874,0.6166666666666667,0.18019587,-8.788032
0.20777777777777778,3180.0,15900.0,0.10897068,158,0.8243193,0.19298813,0.7111111111111111,0.18027371,-8.917347
0.19333333333333333,3200.0,16000.0,0.10902936,159,0.8243528,0.1929897,0.5944444444444446,0.18029626,-9.677639
0.18944444444444444,3220.0,16100.0,0.10909934,160,0.8243711,0.19298846,0.6972222222222223,0.1803317,-9.069195
0.20055555555555557,3240.0,16200.0,0.10916866,161,0.8243438,0.19297105,0.7111111111111111,0.18038929,-8.541375
0.20500000000000002,3260.0,16300.0,0.10919779,162,0.8243621,0.19297415,0.6611111111111111,0.1804164,-9.919874
0.19444444444444445,3280.0,16400.0,0.10926868,163,0.8243964,0.19296749,0.75,0.18047418,-8.825973
0.20555555555555557,3300.0,16500.0,0.10933909,164,0.82441413,0.192959,0.7333333333333334,0.18056339,-8.696819
0.20666666666666667,3320.0,16600.0,0.10936904,165,0.82443607,0.19295314,0.7388888888888889,0.18058965,-9.15666
0.21222222222222223,3340.0,16700.0,0.10940285,166,0.8244126,0.19294398,0.7833333333333333,0.1806624,-8.809257
0.17777777777777778,3360.0,16800.0,0.10946944,167,0.8244355,0.19294783,0.7694444444444445,0.18076073,-8.516925
0.20555555555555557,3380.0,16900.0,0.109526485,168,0.82446057,0.19295046,0.6555555555555556,0.18082327,-10.1168585
0.20777777777777778,3400.0,17000.0,0.10956217,169,0.82448506,0.19295304,0.7472222222222222,0.18086189,-8.820908
0.20944444444444443,3420.0,17100.0,0.109589726,170,0.82452327,0.19296005,0.8500000000000001,0.18084581,-8.319094
0.21555555555555556,3440.0,17200.0,0.109640196,171,0.8245513,0.19296736,0.8111111111111112,0.18088931,-8.547928
0.20777777777777778,3460.0,17300.0,0.10969152,172,0.8245625,0.19297117,0.7805555555555556,0.18093549,-9.16124
0.21333333333333332,3480.0,17400.0,0.10978921,173,0.82457924,0.19297096,0.75,0.1809668,-9.08697
0.19944444444444442,3500.0,17500.0,0.10989283,174,0.82456726,0.19296972,0.6444444444444444,0.18100297,-10.277059
0.18,3520.0,17600.0,0.10998484,175,0.8245399,0.19296455,0.6777777777777777,0.18103048,-9.416519
0.18611111111111112,3540.0,17700.0,0.1100657,176,0.82445884,0.1929506,0.5611111111111112,0.1810117,-10.7953825
0.14833333333333332,3560.0,17800.0,0.11013512,177,0.82428145,0.19291933,0.5166666666666667,0.1810438,-10.748976
0.15555555555555556,3580.0,17900.0,0.11015591,178,0.82412624,0.19289976,0.5333333333333334,0.18105234,-11.305017
0.16722222222222222,3600.0,18000.0,0.1101888,179,0.82401794,0.1928839,0.6499999999999999,0.18109292,-9.994984
0.2138888888888889,3620.0,18100.0,0.11023918,180,0.8239949,0.1928829,0.7611111111111111,0.18109046,-8.602161
0.20111111111111113,3640.0,18200.0,0.11030017,181,0.8240167,0.19288582,0.7777777777777778,0.18109661,-8.984851
0.22166666666666668,3660.0,18300.0,0.110345334,182,0.8240614,0.19289654,0.8305555555555555,0.1810878,-7.481214
0.2122222222222222,3680.0,18400.0,0.110415906,183,0.82409924,0.19290817,0.7250000000000001,0.18110502,-8.489887
0.21388888888888888,3700.0,18500.0,0.11047149,184,0.82412463,0.19291407,0.7916666666666666,0.18110609,-8.502018
0.21722222222222223,3720.0,18600.0,0.110499606,185,0.8241594,0.19292171,0.6972222222222223,0.18108398,-8.887303
0.19944444444444442,3740.0,18700.0,0.110541195,186,0.82417965,0.19292659,0.7833333333333333,0.18109769,-8.662759
0.2038888888888889,3760.0,18800.0,0.11058668,187,0.82418203,0.19292575,0.7749999999999999,0.18110055,-8.64459
0.2172222222222222,3780.0,18900.0,0.11063714,188,0.82419014,0.19293278,0.8166666666666667,0.18111427,-8.390224
0.2116666666666667,3800.0,19000.0,0.11068846,189,0.82422113,0.19294031,0.8083333333333333,0.18109576,-8.8101
0.22166666666666668,3820.0,19100.0,0.11073682,190,0.8242352,0.19294375,0.8166666666666668,0.18110858,-8.953719
0.22166666666666668,3840.0,19200.0,0.11078362,191,0.8242547,0.19294912,0.7361111111111112,0.18108545,-8.13385
0.20944444444444446,3860.0,19300.0,0.11084566,192,0.82428145,0.19295481,0.7388888888888889,0.18108542,-8.369139
0.20777777777777773,3880.0,19400.0,0.11090667,193,0.8243277,0.19296223,0.7027777777777778,0.18109481,-8.138101
0.19944444444444442,3900.0,19500.0,0.110958755,194,0.8243726,0.19296987,0.6444444444444444,0.18106614,-8.409559
0.20111111111111113,3920.0,19600.0,0.11101343,195,0.8244319,0.19297865,0.6361111111111111,0.18103725,-8.385034
0.1938888888888889,3940.0,19700.0,0.111077294,196,0.82448006,0.19298036,0.6000000000000001,0.18101504,-9.056263
0.1988888888888889,3960.0,19800.0,0.11112176,197,0.8245323,0.19299255,0.7277777777777779,0.18097626,-7.2756248
0.20555555555555557,3980.0,19900.0,0.11120786,198,0.82456464,0.1929987,0.7527777777777778,0.18095072,-7.2527485
0.20055555555555554,4000.0,20000.0,0.11127724,199,0.8246119,0.19300705,0.6833333333333332,0.18091679,-7.5516434
0.2088888888888889,4020.0,20100.0,0.11133252,200,0.8246802,0.19302556,0.6388888888888888,0.1808899,-7.8104377
0.1761111111111111,4040.0,20200.0,0.11139226,201,0.82472676,0.19303578,0.6444444444444444,0.18088953,-8.090134
0.19055555555555553,4060.0,20300.0,0.1114333,202,0.82480156,0.19305651,0.6055555555555556,0.18088351,-7.6113715
0.16444444444444445,4080.0,20400.0,0.11145738,203,0.8248727,0.19307362,0.6333333333333333,0.18086308,-7.9162784
0.19333333333333333,4100.0,20500.0,0.11150369,204,0.82492596,0.19309036,0.6972222222222223,0.18085706,-7.637824
0.2,4120.0,20600.0,0.111505136,205,0.82497966,0.19310647,0.7166666666666666,0.18081886,-7.6204367
0.18666666666666665,4140.0,20700.0,0.11151522,206,0.8250296,0.1931243,0.7083333333333334,0.18079755,-7.807807
0.1955555555555556,4160.0,20800.0,0.11151959,207,0.8250779,0.19314128,0.7472222222222222,0.18078315,-7.881118
0.20722222222222222,4180.0,20900.0,0.111516275,208,0.8251258,0.19315699,0.7388888888888889,0.1807842,-7.8955526
0.20055555555555557,4200.0,21000.0,0.11150401,209,0.8251672,0.19317591,0.6638888888888889,0.18073696,-8.498988
0.18722222222222223,4220.0,21100.0,0.11150505,210,0.8252175,0.1931856,0.6666666666666666,0.18071702,-8.272997
0.19111111111111112,4240.0,21200.0,0.11151411,211,0.82526135,0.19320345,0.7138888888888889,0.18070637,-8.267081
0.1938888888888889,4260.0,21300.0,0.11150274,212,0.8252904,0.19321445,0.7083333333333335,0.18070221,-8.671758
0.20500000000000002,4280.0,21400.0,0.11148986,213,0.82532763,0.19322348,0.7944444444444444,0.1806795,-8.398352
0.20722222222222222,4300.0,21500.0,0.111477464,214,0.8253615,0.19323522,0.6499999999999999,0.18068388,-10.383935
0.20500000000000002,4320.0,21600.0,0.11147107,215,0.8254133,0.19324943,0.7277777777777777,0.1806658,-9.784508
0.20444444444444443,4340.0,21700.0,0.11146837,216,0.82544875,0.19325906,0.7361111111111112,0.18067606,-9.115765
0.1922222222222222,4360.0,21800.0,0.11147519,217,0.82547176,0.19326994,0.7472222222222222,0.18067387,-9.52065
0.20166666666666666,4380.0,21900.0,0.11146489,218,0.8255156,0.19328803,0.7444444444444445,0.18065207,-9.737176
0.20666666666666667,4400.0,22000.0,0.11144349,219,0.8255162,0.19328701,0.7694444444444445,0.18063098,-9.423275
0.19,4420.0,22100.0,0.11142859,220,0.8255203,0.19328912,0.7388888888888889,0.18061982,-9.842074
0.195,4440.0,22200.0,0.111447796,221,0.82553697,0.19329649,0.7527777777777778,0.18064862,-10.168459
0.20111111111111113,4460.0,22300.0,0.111447796,222,0.82554054,0.19329855,0.7416666666666667,0.18065697,-10.505848
0.1961111111111111,4480.0,22400.0,0.11144437,223,0.82554865,0.1933012,0.7972222222222223,0.18063119,-9.975548
0.2138888888888889,4500.0,22500.0,0.11147347,224,0.82556987,0.19330496,0.7833333333333333,0.18064135,-9.604095
0.22,4520.0,22600.0,0.111478716,225,0.82557416,0.19330618,0.7777777777777778,0.18062335,-9.457379
0.20222222222222225,4540.0,22700.0,0.11150001,226,0.82557845,0.19330652,0.8138888888888889,0.1806196,-8.481695
0.20722222222222222,4560.0,22800.0,0.11151551,227,0.825586,0.19331029,0.7333333333333333,0.18060863,-8.445345
0.20500000000000002,4580.0,22900.0,0.11153926,228,0.82562053,0.19331571,0.6833333333333333,0.18057692,-9.744807
0.18944444444444444,4600.0,23000.0,0.11157097,229,0.8256325,0.19331926,0.6972222222222223,0.18058498,-9.319419
0.18777777777777777,4620.0,23100.0,0.11159018,230,0.8256638,0.19332594,0.8083333333333332,0.18056417,-8.0627
0.18833333333333332,4640.0,23200.0,0.1116074,231,0.8256953,0.19333655,0.7444444444444445,0.18055171,-8.797431
0.19777777777777777,4660.0,23300.0,0.111633815,232,0.8257182,0.19334441,0.8444444444444444,0.18054676,-7.674135
0.2,4680.0,23400.0,0.11165008,233,0.8257352,0.193347,0.6527777777777778,0.1805368,-9.504574
0.20611111111111113,4700.0,23500.0,0.111662835,234,0.8257783,0.19335645,0.586111111111111,0.1805145,-9.952849
0.20166666666666666,4720.0,23600.0,0.11166765,235,0.8258159,0.19336301,0.7055555555555555,0.18050003,-9.375004
0.20000000000000004,4740.0,23700.0,0.11168436,236,0.8258586,0.19337347,0.7388888888888889,0.18049628,-9.2379
0.18888888888888888,4760.0,23800.0,0.111710705,237,0.82587844,0.19337189,0.7749999999999999,0.18049829,-8.694471
0.1922222222222222,4780.0,23900.0,0.11173716,238,0.82589,0.19337116,0.6305555555555555,0.18049076,-10.780524
0.2061111111111111,4800.0,24000.0,0.11175193,239,0.8259053,0.19337064,0.75,0.18047722,-8.677617
0.21444444444444444,4820.0,24100.0,0.11176091,240,0.82591766,0.19336993,0.7777777777777778,0.18044172,-9.054586
0.20000000000000004,4840.0,24200.0,0.111776404,241,0.8259292,0.19337304,0.7333333333333333,0.18042344,-9.086363
0.18833333333333335,4860.0,24300.0,0.11180539,242,0.82594466,0.19337586,0.7277777777777777,0.18042319,-8.924947
0.20944444444444446,4880.0,24400.0,0.111806616,243,0.82597375,0.19338274,0.7944444444444445,0.18038948,-9.147794
0.19833333333333336,4900.0,24500.0,0.1118367,244,0.82597804,0.19337803,0.7611111111111111,0.18041807,-9.367568
0.20833333333333334,4920.0,24600.0,0.111858934,245,0.82597774,0.19337627,0.8416666666666668,0.18044138,-8.768291
0.18666666666666665,4940.0,24700.0,0.11185879,246,0.82598853,0.1933803,0.8333333333333334,0.18045317,-8.495076
0.20833333333333334,4960.0,24800.0,0.11184321,247,0.826004,0.19338526,0.7972222222222223,0.1804248,-9.122221
0.20277777777777778,4980.0,24900.0,0.11185244,248,0.8260161,0.19338971,0.8277777777777777,0.18040961,-9.247975
0.20166666666666666,5000.0,25000.0,0.11184989,249,0.82603,0.19338942,0.7944444444444445,0.1804032,-9.604976
0.215,5020.0,25100.0,0.11183819,250,0.826043,0.19338901,0.8722222222222222,0.18038623,-9.642159
0.21611111111111114,5040.0,25200.0,0.11183967,251,0.8260516,0.19338942,0.8166666666666667,0.18037431,-9.329042
0.22111111111111112,5060.0,25300.0,0.11182341,252,0.8260653,0.19339126,0.7999999999999999,0.1803529,-10.513848
0.20666666666666667,5080.0,25400.0,0.111826845,253,0.82606983,0.19338791,0.775,0.18035847,-10.677555
0.20722222222222225,5100.0,25500.0,0.11183642,254,0.82608867,0.19339293,0.8527777777777776,0.18035395,-10.082546
0.19999999999999998,5120.0,25600.0,0.11183502,255,0.82608604,0.19339228,0.8333333333333334,0.1803627,-10.629342
0.20277777777777778,5140.0,25700.0,0.111824565,256,0.8260875,0.193387,0.8416666666666667,0.1803608,-10.310462
0.21388888888888888,5160.0,25800.0,0.11181847,257,0.8260913,0.19338459,0.7749999999999999,0.18035261,-10.709895
0.20666666666666667,5180.0,25900.0,0.111840196,258,0.82609963,0.19337893,0.8222222222222223,0.18037194,-10.041831
0.18333333333333332,5200.0,26000.0,0.111852355,259,0.8261032,0.19337961,0.8250000000000001,0.1803788,-9.923304
0.1927777777777778,5220.0,26100.0,0.11184839,260,0.82610714,0.1933794,0.7722222222222223,0.1803621,-10.470515
0.18833333333333335,5240.0,26200.0,0.1118553,261,0.826103,0.19337958,0.8305555555555556,0.18036121,-10.119607
0.22500000000000003,5260.0,26300.0,0.11184827,262,0.8261148,0.1933823,0.8666666666666667,0.18033409,-9.186571
0.20777777777777778,5280.0,26400.0,0.11185263,263,0.8261171,0.19338594,0.8444444444444444,0.18033883,-10.501406
0.20944444444444443,5300.0,26500.0,0.11186484,264,0.8261084,0.1933859,0.788888888888889,0.18033355,-10.269965
0.20777777777777778,5320.0,26600.0,0.11187238,265,0.82611877,0.19338676,0.8694444444444444,0.1803171,-9.002389
0.21,5340.0,26700.0,0.1119021,266,0.8261061,0.19338435,0.85,0.18033007,-10.129745
0.2188888888888889,5360.0,26800.0,0.111906,267,0.8261249,0.19338703,0.7805555555555556,0.18033913,-10.439532
0.19666666666666666,5380.0,26900.0,0.11190769,268,0.826133,0.19338992,0.8416666666666667,0.18033105,-9.498145
0.20333333333333334,5400.0,27000.0,0.11191326,269,0.8261435,0.19339055,0.7722222222222221,0.18031958,-10.642816
0.21722222222222223,5420.0,27100.0,0.11191066,270,0.8261523,0.19339105,0.8750000000000001,0.18029472,-9.203145
0.2111111111111111,5440.0,27200.0,0.11191593,271,0.82616836,0.19339445,0.8277777777777777,0.18028897,-10.316877
0.20111111111111113,5460.0,27300.0,0.11192073,272,0.8261773,0.19339621,0.7833333333333334,0.18028688,-11.037456
0.1938888888888889,5480.0,27400.0,0.11193105,273,0.82618195,0.1933964,0.8527777777777777,0.18028206,-10.294371
0.18666666666666665,5500.0,27500.0,0.11193524,274,0.8262021,0.1933985,0.8416666666666666,0.1802693,-9.034904
0.21444444444444447,5520.0,27600.0,0.11195249,275,0.8262253,0.19340414,0.8194444444444444,0.18025343,-9.65986
0.20444444444444448,5540.0,27700.0,0.11197404,276,0.8262422,0.19340849,0.7583333333333333,0.18024164,-10.149556
0.215,5560.0,27800.0,0.11198706,277,0.82625175,0.19341329,0.7944444444444445,0.18023056,-9.676151
0.2138888888888889,5580.0,27900.0,0.11198905,278,0.82627827,0.19342075,0.8000000000000002,0.18021901,-9.881575
0.19777777777777777,5600.0,28000.0,0.11200258,279,0.8262861,0.19342344,0.7527777777777778,0.18019186,-10.197621
0.20166666666666666,5620.0,28100.0,0.11201011,280,0.82631123,0.19343042,0.8111111111111112,0.18017977,-9.552007
0.2038888888888889,5640.0,28200.0,0.1120046,281,0.82632136,0.1934366,0.7083333333333334,0.18016809,-10.763968
0.19333333333333333,5660.0,28300.0,0.112020425,282,0.82633865,0.19344503,0.7749999999999999,0.18015933,-9.538958
0.18666666666666665,5680.0,28400.0,0.11203602,283,0.8263423,0.19344157,0.8027777777777777,0.18016833,-10.005645
0.18722222222222223,5700.0,28500.0,0.11203459,284,0.82637334,0.1934492,0.7888888888888889,0.18015403,-10.317878
0.2138888888888889,5720.0,28600.0,0.11205147,285,0.8263661,0.19344628,0.7472222222222222,0.18015975,-10.732288
0.18944444444444444,5740.0,28700.0,0.11207172,286,0.82638454,0.19344962,0.8027777777777777,0.1801464,-10.013748
0.20222222222222225,5760.0,28800.0,0.11210109,287,0.82639706,0.19345154,0.7583333333333333,0.18015224,-10.229014
0.21222222222222223,5780.0,28900.0,0.11212267,288,0.82640123,0.19345468,0.7888888888888889,0.18016927,-10.357136
0.19,5800.0,29000.0,0.112116046,289,0.8264121,0.19345278,0.7888888888888889,0.18013626,-9.879803
0.19555555555555557,5820.0,29100.0,0.11210643,290,0.8264127,0.1934511,0.7277777777777777,0.18011034,-10.565716
0.20666666666666667,5840.0,29200.0,0.112118036,291,0.82642585,0.19344842,0.7444444444444445,0.1801184,-10.730137
0.20111111111111113,5860.0,29300.0,0.11211392,292,0.8264239,0.1934478,0.7222222222222222,0.1801204,-11.210232
0.20722222222222225,5880.0,29400.0,0.112108216,293,0.8264232,0.19344507,0.786111111111111,0.1801127,-10.656216
0.20055555555555557,5900.0,29500.0,0.1121068,294,0.8264264,0.19344561,0.7916666666666666,0.18013178,-10.262697
0.2088888888888889,5920.0,29600.0,0.11212143,295,0.8264224,0.19343893,0.8222222222222223,0.1801495,-9.962163
0.20888888888888887,5940.0,29700.0,0.11211848,296,0.8264129,0.19343013,0.8194444444444443,0.1801706,-10.732914
0.18333333333333332,5960.0,29800.0,0.11211259,297,0.8264096,0.1934273,0.8055555555555556,0.18019116,-10.175339
0.1938888888888889,5980.0,29900.0,0.112118155,298,0.8263964,0.19342023,0.8527777777777779,0.18020266,-10.072918
0.2,6000.0,30000.0,0.11211823,299,0.8264133,0.19342417,0.8,0.18020794,-10.169645
0.21833333333333338,6020.0,30100.0,0.11212126,300,0.82641953,0.19342287,0.7166666666666666,0.18021467,-11.386406
0.1888888888888889,6040.0,30200.0,0.11212068,301,0.826421,0.19342029,0.7638888888888888,0.1802096,-10.645369
0.19611111111111112,6060.0,30300.0,0.11213737,302,0.8264136,0.19341642,0.786111111111111,0.18023235,-11.255943
0.18944444444444444,6080.0,30400.0,0.11213132,303,0.8264118,0.19341782,0.8194444444444444,0.18023139,-10.667498
0.23111111111111113,6100.0,30500.0,0.1121355,304,0.8264122,0.19341552,0.7944444444444445,0.18024969,-10.721874
0.20666666666666667,6120.0,30600.0,0.11213309,305,0.8264158,0.1934138,0.8305555555555555,0.18024457,-10.1911335
0.18666666666666665,6140.0,30700.0,0.11212911,306,0.8264158,0.19341052,0.7583333333333333,0.1802414,-11.517506
0.2111111111111111,6160.0,30800.0,0.11214251,307,0.82641935,0.19340533,0.8277777777777778,0.18024856,-10.458659
0.2066666666666667,6180.0,30900.0,0.11214748,308,0.8264396,0.19340603,0.6694444444444445,0.18022668,-13.104782
0.18944444444444444,6200.0,31000.0,0.11216055,309,0.82643276,0.19340304,0.8527777777777777,0.18023631,-10.259199
0.21444444444444447,6220.0,31100.0,0.112173766,310,0.8264356,0.1934027,0.8111111111111112,0.18024772,-10.629632
0.21166666666666667,6240.0,31200.0,0.11218831,311,0.82643485,0.193398,0.8083333333333333,0.1802432,-11.073334
0.20444444444444446,6260.0,31300.0,0.11219883,312,0.8264386,0.19339912,0.8722222222222222,0.18025088,-9.848319
0.23111111111111113,6280.0,31400.0,0.11220597,313,0.8264373,0.19339925,0.8527777777777777,0.18025231,-10.778939
0.19611111111111112,6300.0,31500.0,0.112201184,314,0.82644737,0.19339901,0.8277777777777777,0.18023503,-10.750885
0.21777777777777776,6320.0,31600.0,0.1122067,315,0.8264201,0.19339164,0.75,0.18023664,-12.34172
0.2127777777777778,6340.0,31700.0,0.11219463,316,0.82641816,0.19338886,0.8138888888888889,0.18021403,-11.087487
0.18666666666666665,6360.0,31800.0,0.11218902,317,0.82642484,0.19338444,0.8555555555555555,0.18019158,-10.40397
0.18722222222222223,6380.0,31900.0,0.11218606,318,0.8264191,0.19338349,0.7861111111111111,0.1801886,-11.220612
0.2038888888888889,6400.0,32000.0,0.11217519,319,0.8264156,0.19337875,0.8444444444444444,0.18017088,-10.97681
0.2277777777777778,6420.0,32100.0,0.11218169,320,0.82642126,0.19337791,0.8083333333333333,0.18015885,-10.497046
0.23333333333333334,6440.0,32200.0,0.11218516,321,0.826421,0.19337651,0.8361111111111111,0.18015003,-10.897394
0.20666666666666667,6460.0,32300.0,0.11220416,322,0.8264129,0.19337466,0.8138888888888888,0.18015793,-10.544028
0.1938888888888889,6480.0,32400.0,0.11221054,323,0.8264039,0.19337243,0.8527777777777779,0.18015963,-9.971682
0.21055555555555555,6500.0,32500.0,0.112224326,324,0.82640433,0.19337523,0.8388888888888889,0.18016762,-10.481485
0.21444444444444444,6520.0,32600.0,0.11223093,325,0.8264146,0.19338101,0.8,0.18015753,-10.053209
0.21333333333333332,6540.0,32700.0,0.112239614,326,0.8264302,0.19338457,0.8138888888888889,0.18015057,-10.0780735
0.19444444444444445,6560.0,32800.0,0.11223403,327,0.8264464,0.19339016,0.7805555555555556,0.18012851,-10.361675
0.22111111111111112,6580.0,32900.0,0.11221753,328,0.82645893,0.19339368,0.7222222222222222,0.18010937,-10.584696
0.2,6600.0,33000.0,0.112217456,329,0.826472,0.1934002,0.7694444444444444,0.1800927,-11.213424
0.2177777777777778,6620.0,33100.0,0.11220147,330,0.8264942,0.19340712,0.7583333333333333,0.18007034,-10.384483
0.1988888888888889,6640.0,33200.0,0.11219832,331,0.8265164,0.19341421,0.7611111111111112,0.18006217,-10.16856
0.21944444444444444,6660.0,33300.0,0.112185754,332,0.8265397,0.19342402,0.7972222222222222,0.18004936,-9.677753
0.20222222222222222,6680.0,33400.0,0.11219087,333,0.8265668,0.19343227,0.7749999999999999,0.1800402,-10.6222725
0.2022222222222222,6700.0,33500.0,0.112193495,334,0.8265822,0.1934371,0.7805555555555554,0.18005031,-10.851212
0.19166666666666668,6720.0,33600.0,0.11219224,335,0.82659787,0.19344503,0.8222222222222223,0.18006028,-10.307582
0.19444444444444445,6740.0,33700.0,0.112194926,336,0.82660455,0.19345158,0.7138888888888889,0.18005705,-12.057436
0.22111111111111115,6760.0,33800.0,0.11219054,337,0.8266082,0.19345587,0.6777777777777777,0.18005069,-12.4584255
0.1794444444444444,6780.0,33900.0,0.112194195,338,0.82661843,0.1934621,0.786111111111111,0.18005604,-10.877138
0.20055555555555554,6800.0,34000.0,0.11219295,339,0.8266366,0.19346793,0.8166666666666667,0.18004411,-10.2467785
0.21277777777777782,6820.0,34100.0,0.11220392,340,0.82664084,0.19347239,0.8555555555555555,0.1800441,-9.68886
0.21611111111111111,6840.0,34200.0,0.11221678,341,0.8266446,0.19347411,0.7999999999999999,0.18003702,-9.573819
0.18444444444444444,6860.0,34300.0,0.112226896,342,0.82665133,0.19347912,0.8,0.18003899,-9.608906
0.20277777777777778,6880.0,34400.0,0.11223039,343,0.8266566,0.19348592,0.7972222222222223,0.18003076,-10.369482
0.1938888888888889,6900.0,34500.0,0.11223047,344,0.8266664,0.19348982,0.7916666666666666,0.18003957,-10.365987
0.18777777777777777,6920.0,34600.0,0.112230405,345,0.82667243,0.193495,0.7361111111111112,0.18003637,-10.222523
0.18055555555555555,6940.0,34700.0,0.11222262,346,0.8266806,0.19349444,0.7666666666666667,0.18003803,-10.250123
0.22166666666666668,6960.0,34800.0,0.11221948,347,0.82668537,0.19349419,0.7777777777777778,0.18003742,-9.41223
0.19555555555555557,6980.0,34900.0,0.11221491,348,0.8266979,0.19349821,0.7638888888888888,0.18002889,-10.0218725
0.21222222222222223,7000.0,35000.0,0.11220971,349,0.8266814,0.19349758,0.8444444444444444,0.1800291,-9.39713
0.19833333333333336,7020.0,35100.0,0.11220899,350,0.82668424,0.19349474,0.8194444444444445,0.18002674,-10.11656
0.20333333333333334,7040.0,35200.0,0.1122023,351,0.82668453,0.19349234,0.7527777777777778,0.18002337,-10.359205
0.2027777777777778,7060.0,35300.0,0.11221083,352,0.8266785,0.19348696,0.8222222222222223,0.18001705,-9.4218645
0.22,7080.0,35400.0,0.11223587,353,0.8266751,0.19348152,0.838888888888889,0.18003184,-9.513127
0.19611111111111112,7100.0,35500.0,0.11226639,354,0.8266701,0.19347885,0.8055555555555556,0.18005091,-9.915741
0.2122222222222222,7120.0,35600.0,0.11228493,355,0.8266783,0.19347572,0.7666666666666667,0.18004768,-9.444347
0.19833333333333336,7140.0,35700.0,0.1123185,356,0.8266923,0.1934771,0.8388888888888888,0.18005139,-8.608875
0.20055555555555554,7160.0,35800.0,0.112363845,357,0.8266978,0.19347817,0.7638888888888888,0.18006963,-8.764334
0.22333333333333336,7180.0,35900.0,0.11238852,358,0.82670164,0.19348028,0.7388888888888889,0.18005025,-9.712956
0.20555555555555557,7200.0,36000.0,0.11241092,359,0.8267219,0.193489,0.7333333333333333,0.18003485,-8.795902
0.2116666666666667,7220.0,36100.0,0.11241378,360,0.82674366,0.19350317,0.8083333333333333,0.18000555,-8.66737
0.19444444444444445,7240.0,36200.0,0.11244721,361,0.8267301,0.19350512,0.5249999999999999,0.17999782,-7.5027957
0.13166666666666668,7260.0,36300.0,0.112499155,362,0.82660633,0.19347951,0.41944444444444445,0.18003835,-7.5633526
0.10722222222222223,7280.0,36400.0,0.11247815,363,0.82647103,0.19345376,0.43333333333333335,0.18007606,-9.000797
0.10777777777777778,7300.0,36500.0,0.112470426,364,0.8263183,0.1934243,0.4388888888888889,0.18015125,-8.988163
0.12055555555555555,7320.0,36600.0,0.11248345,365,0.8261581,0.19339556,0.46111111111111114,0.180251,-8.641028
0.12277777777777778,7340.0,36700.0,0.112497434,366,0.826,0.19336408,0.4861111111111111,0.18034418,-9.021671
0.1444444444444445,7360.0,36800.0,0.112496585,367,0.8258672,0.19333881,0.48888888888888893,0.18042505,-8.876308
0.13,7380.0,36900.0,0.11250326,368,0.8257339,0.19331312,0.4861111111111111,0.18053539,-9.098475
0.13444444444444445,7400.0,37000.0,0.11250654,369,0.8256198,0.19329102,0.5138888888888888,0.18061277,-9.393575
0.13777777777777775,7420.0,37100.0,0.11251606,370,0.8254979,0.19326985,0.5166666666666667,0.18070012,-10.13986
0.15722222222222224,7440.0,37200.0,0.11252541,371,0.8253922,0.19325216,0.5611111111111111,0.18079084,-9.435791
0.14666666666666667,7460.0,37300.0,0.11253823,372,0.82528526,0.19323198,0.5222222222222223,0.18087499,-10.45227
0.15944444444444444,7480.0,37400.0,0.11255695,373,0.82518315,0.19321612,0.55,0.18096773,-10.588754
0.1527777777777778,7500.0,37500.0,0.11256674,374,0.82510304,0.19320256,0.5277777777777778,0.18104273,-11.0695
0.1688888888888889,7520.0,37600.0,0.11258537,375,0.82502913,0.19319332,0.5750000000000001,0.18110847,-10.932337
0.17666666666666664,7540.0,37700.0,0.1126003,376,0.8249669,0.19318336,0.6777777777777777,0.18116927,-9.776681
0.14222222222222222,7560.0,37800.0,0.112606496,377,0.82487327,0.193167,0.2583333333333333,0.18120736,-9.041462
0.07222222222222223,7580.0,37900.0,0.112590276,378,0.8247134,0.19313852,0.25,0.18125659,-9.266155
0.07,7600.0,38000.0,0.11256312,379,0.82457703,0.19311316,0.275,0.18130356,-9.423877
0.08777777777777779,7620.0,38100.0,0.11254774,380,0.8244399,0.19309145,0.24722222222222218,0.18136314,-9.744999
0.10111111111111111,7640.0,38200.0,0.1125341,381,0.82430553,0.19306953,0.3722222222222222,0.18142216,-9.133808
0.1127777777777778,7660.0,38300.0,0.112519704,382,0.82418084,0.19304684,0.4083333333333333,0.18147548,-9.633594
0.12277777777777778,7680.0,38400.0,0.112515636,383,0.82405823,0.19302532,0.4,0.18153416,-10.5893135
0.135,7700.0,38500.0,0.11251158,384,0.82395035,0.19300644,0.5166666666666667,0.18160054,-10.017583
0.13555555555555554,7720.0,38600.0,0.11250859,385,0.82384926,0.1929875,0.5555555555555556,0.18166578,-10.117504
0.14055555555555557,7740.0,38700.0,0.112498656,386,0.8237625,0.1929756,0.5916666666666666,0.18173003,-10.543031
0.17,7760.0,38800.0,0.11249934,387,0.82368326,0.19296509,0.6083333333333333,0.18179372,-10.555594
0.1688888888888889,7780.0,38900.0,0.11251448,388,0.8236067,0.1929512,0.5916666666666667,0.18186389,-11.321832
0.18555555555555556,7800.0,39000.0,0.11250847,389,0.8235673,0.1929428,0.6694444444444445,0.18189324,-10.391126
0.17944444444444446,7820.0,39100.0,0.11251264,390,0.823543,0.19293734,0.7666666666666667,0.18190424,-10.57874
0.2022222222222222,7840.0,39200.0,0.112519234,391,0.8235302,0.19293573,0.8250000000000001,0.18191865,-10.048182
0.20833333333333337,7860.0,39300.0,0.11251659,392,0.8235509,0.19294222,0.838888888888889,0.1819117,-9.233612
0.1988888888888889,7880.0,39400.0,0.11251894,393,0.823569,0.19294807,0.7111111111111111,0.18190537,-11.257351
0.20444444444444443,7900.0,39500.0,0.11252671,394,0.8235873,0.1929509,0.8083333333333333,0.18189494,-9.555405
0.19833333333333336,7920.0,39600.0,0.11252776,395,0.8235991,0.19295365,0.7833333333333333,0.1818866,-10.765101
0.2038888888888889,7940.0,39700.0,0.11252623,396,0.82361764,0.19295603,0.8027777777777778,0.1818785,-9.820545
0.20055555555555557,7960.0,39800.0,0.11253449,397,0.82364225,0.19295886,0.7972222222222222,0.18186408,-9.737358
0.20833333333333334,7980.0,39900.0,0.112542495,398,0.82365716,0.19296187,0.7861111111111111,0.1818706,-10.779852
0.2038888888888889,8000.0,40000.0,0.11254312,399,0.8236731,0.19296606,0.8138888888888888,0.18184286,-9.8560705
0.2111111111111111,8020.0,40100.0,0.11254218,400,0.8236902,0.192972,0.7749999999999999,0.18181956,-9.494702
0.21555555555555556,8040.0,40200.0,0.11254292,401,0.823714,0.19297893,0.8,0.18180948,-10.013919
0.21333333333333332,8060.0,40300.0,0.11254324,402,0.8237272,0.19298524,0.8472222222222222,0.18180288,-9.159878
0.2061111111111111,8080.0,40400.0,0.11254859,403,0.8237343,0.19298765,0.7694444444444444,0.18179822,-9.896947
0.20111111111111113,8100.0,40500.0,0.11255261,404,0.8237469,0.19298969,0.8194444444444444,0.18179655,-9.99791
0.21555555555555556,8120.0,40600.0,0.11255244,405,0.8237603,0.19298917,0.7805555555555554,0.18177636,-10.830033
0.21333333333333332,8140.0,40700.0,0.112550326,406,0.8237573,0.19298917,0.7638888888888888,0.18176757,-11.197698
0.2127777777777778,8160.0,40800.0,0.11254105,407,0.8237573,0.19298446,0.8583333333333333,0.18174458,-9.400188
0.18833333333333335,8180.0,40900.0,0.11255421,408,0.823755,0.19298233,0.8083333333333333,0.18175162,-10.414128
0.1938888888888889,8200.0,41000.0,0.11255762,409,0.82376385,0.19298273,0.8333333333333334,0.1817379,-9.693554
0.2,8220.0,41100.0,0.11255607,410,0.8237653,0.19297886,0.8250000000000001,0.18172234,-9.861622
0.22666666666666668,8240.0,41200.0,0.112556234,411,0.8237777,0.19297904,0.8277777777777777,0.1816991,-9.756261
0.21222222222222223,8260.0,41300.0,0.11255997,412,0.82378936,0.19298026,0.786111111111111,0.18168628,-10.198366
0.21555555555555558,8280.0,41400.0,0.11256644,413,0.8238072,0.19298227,0.8500000000000001,0.18167883,-9.015777
0.21166666666666667,8300.0,41500.0,0.11257071,414,0.8238168,0.19298275,0.8222222222222222,0.18166023,-9.273615
0.20166666666666666,8320.0,41600.0,0.11257301,415,0.8238301,0.192985,0.7666666666666666,0.1816414,-9.251197
0.19166666666666668,8340.0,41700.0,0.11258349,416,0.8238318,0.1929888,0.7527777777777778,0.18162926,-9.6196375
0.19166666666666668,8360.0,41800.0,0.1125913,417,0.8238328,0.19299085,0.8194444444444444,0.18160602,-8.54388
0.20111111111111113,8380.0,41900.0,0.11260232,418,0.8238287,0.19299133,0.7138888888888889,0.18160602,-10.815894
0.20833333333333334,8400.0,42000.0,0.11260465,419,0.82383716,0.19299372,0.6166666666666667,0.18157929,-11.417347
0.2,8420.0,42100.0,0.112611376,420,0.8238478,0.19299562,0.6916666666666667,0.18156433,-10.174459
0.2222222222222222,8440.0,42200.0,0.11261453,421,0.82385015,0.19299841,0.7111111111111111,0.18154907,-10.059545
0.20888888888888887,8460.0,42300.0,0.112616435,422,0.8238652,0.193004,0.5666666666666668,0.18153456,-12.233453
0.21944444444444444,8480.0,42400.0,0.11261765,423,0.8238769,0.19300897,0.7638888888888888,0.18151805,-9.536633
0.21055555555555555,8500.0,42500.0,0.11261959,424,0.82389736,0.1930142,0.8527777777777777,0.18149751,-8.83752
0.205,8520.0,42600.0,0.11262104,425,0.8239143,0.19301969,0.8055555555555556,0.18146938,-8.801229
0.19444444444444445,8540.0,42700.0,0.11262552,426,0.8239229,0.19302511,0.7805555555555554,0.18146679,-9.242465
0.21722222222222223,8560.0,42800.0,0.112629265,427,0.82393765,0.19303247,0.8444444444444444,0.18144788,-9.037563
0.20055555555555557,8580.0,42900.0,0.11263463,428,0.8239529,0.19303791,0.825,0.18144387,-8.464044
0.1955555555555556,8600.0,43000.0,0.11264148,429,0.82397485,0.19304545,0.8777777777777778,0.18144152,-8.64017
0.2161111111111111,8620.0,43100.0,0.11264208,430,0.8239866,0.19305098,0.8194444444444444,0.18142784,-9.263584
0.20444444444444448,8640.0,43200.0,0.11264171,431,0.8239994,0.19305468,0.7638888888888888,0.18142094,-9.676
0.22388888888888892,8660.0,43300.0,0.11264144,432,0.82401204,0.19306058,0.8916666666666665,0.18141216,-8.629687
0.20333333333333334,8680.0,43400.0,0.112641305,433,0.82403904,0.19306795,0.8777777777777778,0.1813986,-8.960587
0.19777777777777777,8700.0,43500.0,0.11263689,434,0.8240615,0.19307764,0.7611111111111111,0.18139201,-10.103561
0.1927777777777778,8720.0,43600.0,0.11264343,435,0.8240826,0.19308455,0.8333333333333334,0.18140012,-9.063069
0.20666666666666667,8740.0,43700.0,0.1126434,436,0.82409275,0.1930903,0.8472222222222222,0.18139593,-9.108395
0.20444444444444446,8760.0,43800.0,0.112643495,437,0.824099,0.19309399,0.8027777777777778,0.18140027,-9.528846
0.20666666666666667,8780.0,43900.0,0.11263899,438,0.8241236,0.19310018,0.8250000000000001,0.18138586,-9.513976
0.19722222222222222,8800.0,44000.0,0.11263459,439,0.8241373,0.19310337,0.8027777777777777,0.18137057,-9.46308
0.2255555555555556,8820.0,44100.0,0.11262384,440,0.8241403,0.19310522,0.8638888888888889,0.18135384,-9.09985
0.22722222222222221,8840.0,44200.0,0.11262984,441,0.82414573,0.19310768,0.8305555555555555,0.18135484,-9.620597
0.21555555555555558,8860.0,44300.0,0.11262873,442,0.82415414,0.19310993,0.8611111111111112,0.1813516,-9.269799
0.21666666666666667,8880.0,44400.0,0.11261925,443,0.824157,0.19311243,0.7833333333333333,0.1813396,-10.627943
0.22777777777777775,8900.0,44500.0,0.11261114,444,0.8241603,0.19311678,0.8527777777777777,0.1813364,-9.41621
0.2016666666666667,8920.0,44600.0,0.1126031,445,0.8241825,0.19312471,0.8472222222222222,0.1813265,-8.903342
0.20500000000000002,8940.0,44700.0,0.11259362,446,0.82419014,0.193129,0.8000000000000002,0.18131858,-9.561941
0.20333333333333334,8960.0,44800.0,0.112590656,447,0.8241979,0.19313496,0.7444444444444445,0.18131673,-10.297033
0.2,8980.0,44900.0,0.112583786,448,0.8242047,0.19313985,0.8194444444444444,0.18130809,-9.434689
0.2,9000.0,45000.0,0.11257189,449,0.8242162,0.19314635,0.7361111111111112,0.18129367,-10.720461
0.20722222222222222,9020.0,45100.0,0.11256368,450,0.82422584,0.19315127,0.8694444444444445,0.18127772,-9.144632
0.20444444444444443,9040.0,45200.0,0.11255884,451,0.8242299,0.19315495,0.7111111111111111,0.1812659,-11.518352
0.19166666666666668,9060.0,45300.0,0.11254963,452,0.8242371,0.19315903,0.8222222222222223,0.18125504,-10.018075
0.1988888888888889,9080.0,45400.0,0.11254231,453,0.82424736,0.19316395,0.8000000000000002,0.18125129,-10.129957
0.20277777777777778,9100.0,45500.0,0.11253336,454,0.82425445,0.19316967,0.8166666666666667,0.18124229,-10.352157
0.20111111111111113,9120.0,45600.0,0.11252712,455,0.8242482,0.19317007,0.8222222222222222,0.18123674,-10.334322
0.2027777777777778,9140.0,45700.0,0.11251899,456,0.8242626,0.1931732,0.8138888888888888,0.18122925,-10.3890505
0.2022222222222222,9160.0,45800.0,0.11250823,457,0.8242779,0.19317825,0.7749999999999999,0.18121348,-10.666215
0.21166666666666667,9180.0,45900.0,0.11250077,458,0.82428753,0.19318077,0.7777777777777778,0.1812145,-10.859847
0.19111111111111112,9200.0,46000.0,0.11249534,459,0.82430446,0.19318382,0.8083333333333333,0.18119518,-10.169147
0.20666666666666667,9220.0,46100.0,0.11249236,460,0.8243121,0.19318777,0.8055555555555556,0.18118766,-10.218966
0.2027777777777778,9240.0,46200.0,0.11250036,461,0.8243209,0.1931898,0.8583333333333333,0.18119049,-10.137051
0.19833333333333336,9260.0,46300.0,0.11250857,462,0.82433105,0.19319302,0.8111111111111111,0.18118946,-10.312496
0.20333333333333334,9280.0,46400.0,0.11251007,463,0.8243314,0.19319418,0.7722222222222223,0.18118542,-10.777259
0.2111111111111111,9300.0,46500.0,0.112513505,464,0.8243354,0.19319776,0.8000000000000002,0.18117094,-9.17408
0.19555555555555554,9320.0,46600.0,0.11251076,465,0.8243449,0.19319741,0.7916666666666666,0.18114635,-9.623496
0.20444444444444448,9340.0,46700.0,0.112511605,466,0.82434964,0.19319957,0.7611111111111111,0.18112844,-10.398859
0.22722222222222221,9360.0,46800.0,0.11250647,467,0.8243495,0.19319995,0.7777777777777777,0.18111575,-9.379251
0.20444444444444446,9380.0,46900.0,0.112489134,468,0.8243587,0.19320124,0.7777777777777778,0.18109417,-10.153087
0.19777777777777777,9400.0,47000.0,0.11248788,469,0.82436436,0.19320062,0.8472222222222222,0.18108821,-9.698117
0.21000000000000002,9420.0,47100.0,0.112471305,470,0.8243708,0.19320062,0.8166666666666667,0.18106854,-9.685775
0.21722222222222223,9440.0,47200.0,0.11246904,471,0.8243685,0.19319934,0.7888888888888889,0.18106556,-9.87708
0.20222222222222222,9460.0,47300.0,0.11247286,472,0.82436574,0.19320051,0.7694444444444445,0.1810618,-10.372761
0.20555555555555557,9480.0,47400.0,0.112471856,473,0.82435745,0.19319928,0.7944444444444445,0.1810584,-9.057231
0.2027777777777778,9500.0,47500.0,0.11247664,474,0.82436705,0.19320017,0.7361111111111112,0.18106347,-10.101098
0.1827777777777778,9520.0,47600.0,0.1124855,475,0.8243689,0.19319998,0.7111111111111111,0.1810723,-11.046108
0.21277777777777782,9540.0,47700.0,0.11248721,476,0.8243689,0.19320142,0.7666666666666667,0.18105441,-9.341912
0.18555555555555558,9560.0,47800.0,0.112489976,477,0.8243728,0.19320372,0.7388888888888889,0.1810602,-9.916358
0.18388888888888888,9580.0,47900.0,0.112501726,478,0.8243814,0.19320686,0.7333333333333333,0.18106419,-9.421125
0.19333333333333333,9600.0,48000.0,0.11251071,479,0.82439685,0.19320983,0.7361111111111112,0.18105727,-9.457228
0.1922222222222222,9620.0,48100.0,0.11251879,480,0.82441187,0.19321598,0.7361111111111112,0.18104321,-9.104908
0.19944444444444442,9640.0,48200.0,0.11253396,481,0.8244246,0.19321936,0.7694444444444445,0.18104273,-7.956593
0.185,9660.0,48300.0,0.11254653,482,0.8244414,0.19322388,0.6722222222222222,0.18103832,-8.841452
0.19833333333333336,9680.0,48400.0,0.11255761,483,0.8244546,0.19322674,0.6777777777777778,0.18102469,-9.227993
0.17833333333333334,9700.0,48500.0,0.11257312,484,0.82446766,0.19323055,0.6388888888888888,0.18102086,-9.673283
0.17444444444444443,9720.0,48600.0,0.11258985,485,0.8244794,0.19323352,0.5638888888888889,0.1810171,-9.632424
0.18444444444444447,9740.0,48700.0,0.11260413,486,0.8245061,0.19323751,0.5888888888888889,0.18100612,-9.783044
0.1988888888888889,9760.0,48800.0,0.11261577,487,0.8245204,0.19324009,0.6277777777777778,0.18099982,-9.1294565
0.17388888888888887,9780.0,48900.0,0.11262352,488,0.8245305,0.19324282,0.5083333333333333,0.1809956,-10.206401
0.18222222222222223,9800.0,49000.0,0.11263699,489,0.8245532,0.19324678,0.5249999999999999,0.1809941,-10.333469
0.1938888888888889,9820.0,49100.0,0.11264661,490,0.82457423,0.19325107,0.5611111111111111,0.18098505,-10.448332
0.18722222222222223,9840.0,49200.0,0.1126491,491,0.82458836,0.19325453,0.46388888888888885,0.18098065,-11.356659
0.18722222222222223,9860.0,49300.0,0.11265389,492,0.8245952,0.19325513,0.6722222222222222,0.18097986,-9.55673
0.16055555555555556,9880.0,49400.0,0.112654075,493,0.82461476,0.19325829,0.8,0.1809784,-8.384811
0.18944444444444444,9900.0,49500.0,0.11265532,494,0.82462066,0.19325808,0.7277777777777779,0.18098395,-10.188171
0.18055555555555555,9920.0,49600.0,0.11265887,495,0.8246318,0.19325683,0.7277777777777777,0.18100163,-9.881253
0.18333333333333332,9940.0,49700.0,0.11266479,496,0.8246335,0.19325283,0.6861111111111111,0.18101388,-10.295017
0.1861111111111111,9960.0,49800.0,0.112668425,497,0.8246475,0.19325216,0.6833333333333333,0.18101849,-10.638526
0.19611111111111112,9980.0,49900.0,0.11266928,498,0.8246579,0.19325145,0.6111111111111112,0.18101814,-11.543233
0.18944444444444444,10000.0,50000.0,0.11267119,499,0.82466686,0.19324915,0.5694444444444444,0.18101776,-11.750543
